QR Code Name,QR Code Description,Redirection URL
Partido 1,Cargar los puntos del partido 1,https://torneo.sejama.com.ar/partido/1/editar
Partido 2,Cargar los puntos del partido 2,https://torneo.sejama.com.ar/partido/2/editar
Partido 3,Cargar los puntos del partido 3,https://torneo.sejama.com.ar/partido/3/editar
Partido 4,Cargar los puntos del partido 4,https://torneo.sejama.com.ar/partido/4/editar
Partido 5,Cargar los puntos del partido 5,https://torneo.sejama.com.ar/partido/5/editar
Partido 6,Cargar los puntos del partido 6,https://torneo.sejama.com.ar/partido/6/editar
Partido 7,Cargar los puntos del partido 7,https://torneo.sejama.com.ar/partido/7/editar
Partido 8,Cargar los puntos del partido 8,https://torneo.sejama.com.ar/partido/8/editar
Partido 9,Cargar los puntos del partido 9,https://torneo.sejama.com.ar/partido/9/editar
Partido 10,Cargar los puntos del partido 10,https://torneo.sejama.com.ar/partido/10/editar
Partido 11,Cargar los puntos del partido 11,https://torneo.sejama.com.ar/partido/11/editar
Partido 12,Cargar los puntos del partido 12,https://torneo.sejama.com.ar/partido/12/editar
Partido 13,Cargar los puntos del partido 13,https://torneo.sejama.com.ar/partido/13/editar
Partido 14,Cargar los puntos del partido 14,https://torneo.sejama.com.ar/partido/14/editar
Partido 15,Cargar los puntos del partido 15,https://torneo.sejama.com.ar/partido/15/editar
Partido 16,Cargar los puntos del partido 16,https://torneo.sejama.com.ar/partido/16/editar
Partido 17,Cargar los puntos del partido 17,https://torneo.sejama.com.ar/partido/17/editar
Partido 18,Cargar los puntos del partido 18,https://torneo.sejama.com.ar/partido/18/editar
Partido 19,Cargar los puntos del partido 19,https://torneo.sejama.com.ar/partido/19/editar
Partido 20,Cargar los puntos del partido 20,https://torneo.sejama.com.ar/partido/20/editar
Partido 21,Cargar los puntos del partido 21,https://torneo.sejama.com.ar/partido/21/editar
Partido 22,Cargar los puntos del partido 22,https://torneo.sejama.com.ar/partido/22/editar
Partido 23,Cargar los puntos del partido 23,https://torneo.sejama.com.ar/partido/23/editar
Partido 24,Cargar los puntos del partido 24,https://torneo.sejama.com.ar/partido/24/editar
Partido 25,Cargar los puntos del partido 25,https://torneo.sejama.com.ar/partido/25/editar
Partido 26,Cargar los puntos del partido 26,https://torneo.sejama.com.ar/partido/26/editar
Partido 27,Cargar los puntos del partido 27,https://torneo.sejama.com.ar/partido/27/editar
Partido 28,Cargar los puntos del partido 28,https://torneo.sejama.com.ar/partido/28/editar
Partido 29,Cargar los puntos del partido 29,https://torneo.sejama.com.ar/partido/29/editar
Partido 30,Cargar los puntos del partido 30,https://torneo.sejama.com.ar/partido/30/editar
Partido 31,Cargar los puntos del partido 31,https://torneo.sejama.com.ar/partido/31/editar
Partido 32,Cargar los puntos del partido 32,https://torneo.sejama.com.ar/partido/32/editar
Partido 33,Cargar los puntos del partido 33,https://torneo.sejama.com.ar/partido/33/editar
Partido 34,Cargar los puntos del partido 34,https://torneo.sejama.com.ar/partido/34/editar
Partido 35,Cargar los puntos del partido 35,https://torneo.sejama.com.ar/partido/35/editar
Partido 36,Cargar los puntos del partido 36,https://torneo.sejama.com.ar/partido/36/editar
Partido 37,Cargar los puntos del partido 37,https://torneo.sejama.com.ar/partido/37/editar
Partido 38,Cargar los puntos del partido 38,https://torneo.sejama.com.ar/partido/38/editar
Partido 39,Cargar los puntos del partido 39,https://torneo.sejama.com.ar/partido/39/editar
Partido 40,Cargar los puntos del partido 40,https://torneo.sejama.com.ar/partido/40/editar
Partido 41,Cargar los puntos del partido 41,https://torneo.sejama.com.ar/partido/41/editar
Partido 42,Cargar los puntos del partido 42,https://torneo.sejama.com.ar/partido/42/editar
Partido 43,Cargar los puntos del partido 43,https://torneo.sejama.com.ar/partido/43/editar
Partido 44,Cargar los puntos del partido 44,https://torneo.sejama.com.ar/partido/44/editar
Partido 45,Cargar los puntos del partido 45,https://torneo.sejama.com.ar/partido/45/editar
Partido 46,Cargar los puntos del partido 46,https://torneo.sejama.com.ar/partido/46/editar
Partido 47,Cargar los puntos del partido 47,https://torneo.sejama.com.ar/partido/47/editar
Partido 48,Cargar los puntos del partido 48,https://torneo.sejama.com.ar/partido/48/editar
Partido 49,Cargar los puntos del partido 49,https://torneo.sejama.com.ar/partido/49/editar
Partido 50,Cargar los puntos del partido 50,https://torneo.sejama.com.ar/partido/50/editar
Partido 51,Cargar los puntos del partido 51,https://torneo.sejama.com.ar/partido/51/editar
Partido 52,Cargar los puntos del partido 52,https://torneo.sejama.com.ar/partido/52/editar
Partido 53,Cargar los puntos del partido 53,https://torneo.sejama.com.ar/partido/53/editar
Partido 54,Cargar los puntos del partido 54,https://torneo.sejama.com.ar/partido/54/editar
Partido 55,Cargar los puntos del partido 55,https://torneo.sejama.com.ar/partido/55/editar
Partido 56,Cargar los puntos del partido 56,https://torneo.sejama.com.ar/partido/56/editar
Partido 57,Cargar los puntos del partido 57,https://torneo.sejama.com.ar/partido/57/editar
Partido 58,Cargar los puntos del partido 58,https://torneo.sejama.com.ar/partido/58/editar
Partido 59,Cargar los puntos del partido 59,https://torneo.sejama.com.ar/partido/59/editar
Partido 60,Cargar los puntos del partido 60,https://torneo.sejama.com.ar/partido/60/editar
Partido 61,Cargar los puntos del partido 61,https://torneo.sejama.com.ar/partido/61/editar
Partido 62,Cargar los puntos del partido 62,https://torneo.sejama.com.ar/partido/62/editar
Partido 63,Cargar los puntos del partido 63,https://torneo.sejama.com.ar/partido/63/editar
Partido 64,Cargar los puntos del partido 64,https://torneo.sejama.com.ar/partido/64/editar
Partido 65,Cargar los puntos del partido 65,https://torneo.sejama.com.ar/partido/65/editar
Partido 66,Cargar los puntos del partido 66,https://torneo.sejama.com.ar/partido/66/editar
Partido 67,Cargar los puntos del partido 67,https://torneo.sejama.com.ar/partido/67/editar
Partido 68,Cargar los puntos del partido 68,https://torneo.sejama.com.ar/partido/68/editar
Partido 69,Cargar los puntos del partido 69,https://torneo.sejama.com.ar/partido/69/editar
Partido 70,Cargar los puntos del partido 70,https://torneo.sejama.com.ar/partido/70/editar
Partido 71,Cargar los puntos del partido 71,https://torneo.sejama.com.ar/partido/71/editar
Partido 72,Cargar los puntos del partido 72,https://torneo.sejama.com.ar/partido/72/editar
Partido 73,Cargar los puntos del partido 73,https://torneo.sejama.com.ar/partido/73/editar
Partido 74,Cargar los puntos del partido 74,https://torneo.sejama.com.ar/partido/74/editar
Partido 75,Cargar los puntos del partido 75,https://torneo.sejama.com.ar/partido/75/editar
Partido 76,Cargar los puntos del partido 76,https://torneo.sejama.com.ar/partido/76/editar
Partido 77,Cargar los puntos del partido 77,https://torneo.sejama.com.ar/partido/77/editar
Partido 78,Cargar los puntos del partido 78,https://torneo.sejama.com.ar/partido/78/editar
Partido 79,Cargar los puntos del partido 79,https://torneo.sejama.com.ar/partido/79/editar
Partido 80,Cargar los puntos del partido 80,https://torneo.sejama.com.ar/partido/80/editar
Partido 81,Cargar los puntos del partido 81,https://torneo.sejama.com.ar/partido/81/editar
Partido 82,Cargar los puntos del partido 82,https://torneo.sejama.com.ar/partido/82/editar
Partido 83,Cargar los puntos del partido 83,https://torneo.sejama.com.ar/partido/83/editar
Partido 84,Cargar los puntos del partido 84,https://torneo.sejama.com.ar/partido/84/editar
Partido 85,Cargar los puntos del partido 85,https://torneo.sejama.com.ar/partido/85/editar
Partido 86,Cargar los puntos del partido 86,https://torneo.sejama.com.ar/partido/86/editar
Partido 87,Cargar los puntos del partido 87,https://torneo.sejama.com.ar/partido/87/editar
Partido 88,Cargar los puntos del partido 88,https://torneo.sejama.com.ar/partido/88/editar
Partido 89,Cargar los puntos del partido 89,https://torneo.sejama.com.ar/partido/89/editar
Partido 90,Cargar los puntos del partido 90,https://torneo.sejama.com.ar/partido/90/editar
Partido 91,Cargar los puntos del partido 91,https://torneo.sejama.com.ar/partido/91/editar
Partido 92,Cargar los puntos del partido 92,https://torneo.sejama.com.ar/partido/92/editar
Partido 93,Cargar los puntos del partido 93,https://torneo.sejama.com.ar/partido/93/editar
Partido 94,Cargar los puntos del partido 94,https://torneo.sejama.com.ar/partido/94/editar
Partido 95,Cargar los puntos del partido 95,https://torneo.sejama.com.ar/partido/95/editar
Partido 96,Cargar los puntos del partido 96,https://torneo.sejama.com.ar/partido/96/editar
Partido 97,Cargar los puntos del partido 97,https://torneo.sejama.com.ar/partido/97/editar
Partido 98,Cargar los puntos del partido 98,https://torneo.sejama.com.ar/partido/98/editar
Partido 99,Cargar los puntos del partido 99,https://torneo.sejama.com.ar/partido/99/editar
Partido 100,Cargar los puntos del partido 100,https://torneo.sejama.com.ar/partido/100/editar
Partido 101,Cargar los puntos del partido 101,https://torneo.sejama.com.ar/partido/101/editar
Partido 102,Cargar los puntos del partido 102,https://torneo.sejama.com.ar/partido/102/editar
Partido 103,Cargar los puntos del partido 103,https://torneo.sejama.com.ar/partido/103/editar
Partido 104,Cargar los puntos del partido 104,https://torneo.sejama.com.ar/partido/104/editar
Partido 105,Cargar los puntos del partido 105,https://torneo.sejama.com.ar/partido/105/editar
Partido 106,Cargar los puntos del partido 106,https://torneo.sejama.com.ar/partido/106/editar
Partido 107,Cargar los puntos del partido 107,https://torneo.sejama.com.ar/partido/107/editar
Partido 108,Cargar los puntos del partido 108,https://torneo.sejama.com.ar/partido/108/editar
Partido 109,Cargar los puntos del partido 109,https://torneo.sejama.com.ar/partido/109/editar
Partido 110,Cargar los puntos del partido 110,https://torneo.sejama.com.ar/partido/110/editar
Partido 111,Cargar los puntos del partido 111,https://torneo.sejama.com.ar/partido/111/editar
Partido 112,Cargar los puntos del partido 112,https://torneo.sejama.com.ar/partido/112/editar
Partido 113,Cargar los puntos del partido 113,https://torneo.sejama.com.ar/partido/113/editar
Partido 114,Cargar los puntos del partido 114,https://torneo.sejama.com.ar/partido/114/editar
Partido 115,Cargar los puntos del partido 115,https://torneo.sejama.com.ar/partido/115/editar
Partido 116,Cargar los puntos del partido 116,https://torneo.sejama.com.ar/partido/116/editar
Partido 117,Cargar los puntos del partido 117,https://torneo.sejama.com.ar/partido/117/editar
Partido 118,Cargar los puntos del partido 118,https://torneo.sejama.com.ar/partido/118/editar
Partido 119,Cargar los puntos del partido 119,https://torneo.sejama.com.ar/partido/119/editar
Partido 120,Cargar los puntos del partido 120,https://torneo.sejama.com.ar/partido/120/editar
Partido 121,Cargar los puntos del partido 121,https://torneo.sejama.com.ar/partido/121/editar
Partido 122,Cargar los puntos del partido 122,https://torneo.sejama.com.ar/partido/122/editar
Partido 123,Cargar los puntos del partido 123,https://torneo.sejama.com.ar/partido/123/editar
Partido 124,Cargar los puntos del partido 124,https://torneo.sejama.com.ar/partido/124/editar
Partido 125,Cargar los puntos del partido 125,https://torneo.sejama.com.ar/partido/125/editar
Partido 126,Cargar los puntos del partido 126,https://torneo.sejama.com.ar/partido/126/editar
Partido 127,Cargar los puntos del partido 127,https://torneo.sejama.com.ar/partido/127/editar
Partido 128,Cargar los puntos del partido 128,https://torneo.sejama.com.ar/partido/128/editar
Partido 129,Cargar los puntos del partido 129,https://torneo.sejama.com.ar/partido/129/editar
Partido 130,Cargar los puntos del partido 130,https://torneo.sejama.com.ar/partido/130/editar
Partido 131,Cargar los puntos del partido 131,https://torneo.sejama.com.ar/partido/131/editar
Partido 132,Cargar los puntos del partido 132,https://torneo.sejama.com.ar/partido/132/editar
Partido 133,Cargar los puntos del partido 133,https://torneo.sejama.com.ar/partido/133/editar
Partido 134,Cargar los puntos del partido 134,https://torneo.sejama.com.ar/partido/134/editar
Partido 135,Cargar los puntos del partido 135,https://torneo.sejama.com.ar/partido/135/editar
Partido 136,Cargar los puntos del partido 136,https://torneo.sejama.com.ar/partido/136/editar
Partido 137,Cargar los puntos del partido 137,https://torneo.sejama.com.ar/partido/137/editar
Partido 138,Cargar los puntos del partido 138,https://torneo.sejama.com.ar/partido/138/editar
Partido 139,Cargar los puntos del partido 139,https://torneo.sejama.com.ar/partido/139/editar
Partido 140,Cargar los puntos del partido 140,https://torneo.sejama.com.ar/partido/140/editar
Partido 141,Cargar los puntos del partido 141,https://torneo.sejama.com.ar/partido/141/editar
Partido 142,Cargar los puntos del partido 142,https://torneo.sejama.com.ar/partido/142/editar
Partido 143,Cargar los puntos del partido 143,https://torneo.sejama.com.ar/partido/143/editar
Partido 144,Cargar los puntos del partido 144,https://torneo.sejama.com.ar/partido/144/editar
Partido 145,Cargar los puntos del partido 145,https://torneo.sejama.com.ar/partido/145/editar
Partido 146,Cargar los puntos del partido 146,https://torneo.sejama.com.ar/partido/146/editar
Partido 147,Cargar los puntos del partido 147,https://torneo.sejama.com.ar/partido/147/editar
Partido 148,Cargar los puntos del partido 148,https://torneo.sejama.com.ar/partido/148/editar
Partido 149,Cargar los puntos del partido 149,https://torneo.sejama.com.ar/partido/149/editar
Partido 150,Cargar los puntos del partido 150,https://torneo.sejama.com.ar/partido/150/editar
